,수온,염분,용존산소량,pH,현재 적조발생확률
mean,,,,,0.12147498787953795
min,,,,,0.12147498787953795
max,,,,,0.12147498787953795
